INSERT INTO productor (id_productor, nombre, produccion_media, produccion_maxima, fecha_entrada) VALUES
(1, 'CFE Laguna Verde', 979.34, 1896.70, '2012-06-28'),
(2, 'Central Hidroeléctrica Malpaso', 1403.47, 1814.82, '2024-04-17'),
(3, 'Parque Solar Villanueva', 2952.27, 3524.10, '2022-03-01'),
(4, 'Central Térmica Manzanillo', 215.97, 1155.18, '2015-02-22'),
(5, 'Central Nuclear Laguna Verde', 1903.94, 1989.59, '2018-07-09'),
(6, 'Presa El Cajón', 2980.28, 3849.02, '2022-11-30'),
(7, 'Presa La Yesca', 2223.78, 3070.26, '2009-09-26'),
(8, 'Parque Solar Don José', 2824.57, 3654.87, '2007-11-01'),
(9, 'Central Térmica Tula', 897.86, 1440.83, '2008-12-13'),
(10, 'Presa Chicoasén', 859.63, 1676.82, '2005-06-01'),
(11, 'Presa Infiernillo', 1685.52, 1832.53, '2008-10-06'),
(12, 'Presa Peñitas', 1845.65, 2478.33, '2015-06-06'),
(13, 'Parque Solar Aura Solar', 2490.99, 2961.80, '2022-06-30'),
(14, 'Parque Solar Orejana', 1093.60, 1186.80, '2013-07-02'),
(15, 'Central Geotérmica Cerro Prieto', 1326.84, 1946.87, '2020-08-20'),
(16, 'Central Térmica Salamanca', 2435.91, 3403.56, '2007-01-13'),
(17, 'Presa Zimapán', 2571.83, 2849.45, '2010-01-19'),
(18, 'Parque Solar Magdalena II', 1817.88, 2156.47, '2009-04-30'),
(19, 'Central Térmica Altamira', 2180.48, 3143.71, '2011-03-24'),
(20, 'Parque Solar El Mayo', 1433.86, 2226.07, '2005-06-13');

INSERT INTO compania (id_compañia, nombre) VALUES
(1, 'Iberdrola'),
(2, 'Enel Green Power'),
(3, 'Acciona'),
(4, 'Naturgy'),
(5, 'Engie'),
(6, 'EDF'),
(7, 'Siemens Gamesa'),
(8, 'Repsol'),
(9, 'TotalEnergies'),
(10, 'Sempra Infraestructura'),
(11, 'Invenergy'),
(12, 'Mitsubishi Power'),
(13, 'Brookfield Renewables'),
(14, 'Abengoa'),
(15, 'X-Elio'),
(16, 'Canadian Solar'),
(17, 'NextEra Energy'),
(18, 'Jinko Power'),
(19, 'Trina Solar'),
(20, 'First Solar');

INSERT INTO suministrador (id_suministrador, nombre, pais) VALUES
(1, 'Laureano, Cepeda y Tapia', 'España'),
(2, 'Padilla, Rincón y Vergara', 'Nigeria'),
(3, 'Salcedo-Mireles', 'Maldivas'),
(4, 'Abreu, Flores y Díaz', 'Japón'),
(5, 'Merino-Adame S.C.', 'República de Corea'),
(6, 'Corporación Cervantes, Jasso y Sevilla', 'Zimbabwe'),
(7, 'Corporación Portillo y Trujillo', 'Portugal'),
(8, 'Tejeda y Espinoza S.C.', 'Argelia'),
(9, 'Proyectos Paz y Holguín', 'República de Moldova'),
(10, 'Despacho Menéndez-Villalpando', 'Paraguay'),
(11, 'Montes, Gaona y Amaya', 'Irlanda'),
(12, 'Despacho Lozano-Aguilera', 'Ucrania'),
(13, 'Proyectos Miranda, Patiño y Gracia', 'Japón'),
(14, 'Club Guzmán y Cordero', 'Yemen'),
(15, 'Despacho Cintrón y Toro', 'Kiribati'),
(16, 'Tamayo, Espino y Armas', 'Arabia Saudita'),
(17, 'Saiz y Arroyo S.A.', 'Australia'),
(18, 'Báez-Espinal', 'Comoras'),
(19, 'Alcaraz y Asociados', 'Tonga'),
(20, 'Industrias Santana, Aguilera y Gutiérrez', 'Botswana');

INSERT INTO transportista (id_transportista, nombre, matricula, direccion) VALUES
(1, 'Francisco Javier Dalia Prieto', '50-01031', 'Diagonal Zayas 622 821\nVieja Guinea Ecuatorial, OAX 92398-9983'),
(2, 'Nancy Garay Méndez', '9PR O25', 'Circuito Sur Alejandro 314 Interior 279\nNueva Granada, AGS 99670-3944'),
(3, 'Blanca Víctor Ortega', '551 DZY', 'Boulevard Treviño 454 813\nVieja Sri Lanka, SIN 08189-7751'),
(4, 'Alma Marisol Medina', '05UR644', 'Peatonal Estonia 410 Edif. 358 , Depto. 991\nVieja Croacia, VER 05843'),
(5, 'Mtro. Angélica del Río', 'ZGR-8919', 'Boulevard Norte Collazo 087 Edif. 917 , Depto. 827\nNueva Montenegro, VER 25246'),
(6, 'Sr(a). Victoria Cuellar', '1PC 664', 'Diagonal Aguascalientes 248 Interior 867\nSan Anel los altos, PUE 60800-1546'),
(7, 'Ruby Guevara', '102 2767', 'Calzada Galván 452 601\nVieja Fiji, AGS 02977'),
(8, 'Lic. Rodrigo Espinosa', '86-46179', 'Circunvalación México 464 569\nNueva Antigua y Barbuda, BCS 88845-8572'),
(9, 'Sr(a). Liliana Olivas', '892 OCM', 'Cerrada Guanajuato 945 Edif. 456 , Depto. 521\nSan Lorena de la Montaña, MEX 84625'),
(10, 'José Carlos Madrid', '456 8VX', 'Continuación Norte Bravo 546 110\nVieja China, NAY 34031-7742'),
(11, 'Dr. María Teresa Naranjo', 'AOJ-345', 'Viaducto Norte Rendón 934 061\nNueva Kuwait, GTO 40938-7511'),
(12, 'Javier Serrano', '6-P3794', 'Prolongación Chiapas 420 542\nVieja Ghana, MOR 74434'),
(13, 'Salvador Palacios Muñoz', 'THD Q77', 'Continuación Veracruz de Ignacio de la Llave 582 Interior 238\nNueva Malawi, DF 24491'),
(14, 'Dr. Amanda Lugo', '19H•758', 'Ampliación Cedillo 046 Edif. 519 , Depto. 899\nSan Óscar los altos, MEX 15924-5712'),
(15, 'Armando Miguel Serrato Olivárez', 'P02 1QR', 'Cerrada Narváez 128 Interior 964\nVieja Islandia, TAB 70180'),
(16, 'Lic. René Jiménez', '6TB8576', 'Ampliación España 661 Interior 268\nNueva Santa Lucía, DF 73536-0702'),
(17, 'Nelly Saldaña', 'QQS 522', 'Pasaje Quintana Roo 607 Interior 866\nNueva Sudán del Sur, MEX 10592'),
(18, 'Karina Monroy Marroquín', '297-542', 'Eje vial Verdugo 851 Interior 268\nVieja Brunei Darussalam, NL 92058-5479'),
(19, 'Linda Patricio Osorio', '755PJU', 'Periférico Somalia 890 Interior 209\nNueva Yemen, MOR 38047'),
(20, 'Cristian María Reyes', 'LPI-1528', 'Viaducto Tejada 356 Interior 991\nVieja República Árabe Siria, BCS 72098-3576');

INSERT INTO est_primaria (id_primaria, nombre, transformadores) VALUES
(1, 'Estación 1', 1),
(2, 'Estación 2', 4),
(3, 'Estación 3', 5),
(4, 'Estación 4', 2),
(5, 'Estación 5', 4),
(6, 'Estación 6', 2),
(7, 'Estación 7', 7),
(8, 'Estación 8', 5),
(9, 'Estación 9', 8),
(10, 'Estación 10', 6),
(11, 'Estación 11', 3),
(12, 'Estación 12', 6),
(13, 'Estación 13', 6),
(14, 'Estación 14', 4),
(15, 'Estación 15', 5),
(16, 'Estación 16', 2),
(17, 'Estación 17', 10),
(18, 'Estación 18', 3),
(19, 'Estación 19', 9),
(20, 'Estación 20', 4);

INSERT INTO red (id_red, id_primaria) VALUES
(1, 6),
(2, 15),
(3, 13),
(4, 9),
(5, 18),
(6, 8),
(7, 11),
(8, 2),
(9, 8),
(10, 2),
(11, 11),
(12, 13),
(13, 9),
(14, 3),
(15, 7),
(16, 19),
(17, 11),
(18, 7),
(19, 16),
(20, 13);

INSERT INTO linea (id_linea, longitud, id_red) VALUES
(1, 88.58, 15),
(2, 15.14, 5),
(3, 25.42, 18),
(4, 54.36, 19),
(5, 43.41, 19),
(6, 40.54, 8),
(7, 99.74, 5),
(8, 51.44, 3),
(9, 75.82, 4),
(10, 16.13, 6),
(11, 79.42, 14),
(12, 60.04, 13),
(13, 38.78, 15),
(14, 53.38, 18),
(15, 86.22, 1),
(16, 68.35, 4),
(17, 68.49, 18),
(18, 75.34, 11),
(19, 12.04, 14),
(20, 16.66, 1);

INSERT INTO subestacion (id_subestacion, id_linea) VALUES
(1, 9),
(2, 17),
(3, 6),
(4, 17),
(5, 4),
(6, 10),
(7, 17),
(8, 20),
(9, 7),
(10, 5),
(11, 12),
(12, 6),
(13, 18),
(14, 17),
(15, 1),
(16, 20),
(17, 11),
(18, 16),
(19, 1),
(20, 4);

INSERT INTO provincia (id_provincia, codigo, nombre) VALUES
(1, 'C001', 'Yucatán'),
(2, 'C002', 'Veracruz de Ignacio de la Llave'),
(3, 'C003', 'Baja California'),
(4, 'C004', 'Zacatecas'),
(5, 'C005', 'Durango'),
(6, 'C006', 'México'),
(7, 'C007', 'Zacatecas'),
(8, 'C008', 'Chiapas'),
(9, 'C009', 'Michoacán de Ocampo'),
(10, 'C010', 'México'),
(11, 'C011', 'Nuevo León'),
(12, 'C012', 'Puebla'),
(13, 'C013', 'Nayarit'),
(14, 'C014', 'Baja California'),
(15, 'C015', 'Baja California Sur'),
(16, 'C016', 'Zacatecas'),
(17, 'C017', 'Tlaxcala'),
(18, 'C018', 'Campeche'),
(19, 'C019', 'Baja California'),
(20, 'C020', 'Guanajuato');

INSERT INTO zona (id_zona, consumo_medio, particulares, empresas, instituciones, id_provincia) VALUES
(1, 936.19, 999, 49, 20, 2),
(2, 316.78, 680, 20, 10, 16),
(3, 834.42, 878, 78, 13, 5),
(4, 693.78, 662, 31, 21, 17),
(5, 885.19, 533, 37, 39, 7),
(6, 741.65, 508, 95, 46, 12),
(7, 494.29, 629, 67, 12, 8),
(8, 302.23, 446, 12, 42, 18),
(9, 307.10, 325, 10, 9, 2),
(10, 306.05, 132, 52, 9, 17),
(11, 314.20, 785, 72, 18, 18),
(12, 219.08, 684, 83, 35, 8),
(13, 806.16, 926, 62, 17, 4),
(14, 187.24, 541, 55, 32, 14),
(15, 520.32, 846, 16, 48, 4),
(16, 154.55, 845, 53, 11, 8),
(17, 272.43, 649, 67, 13, 14),
(18, 265.14, 573, 41, 9, 15),
(19, 827.22, 976, 80, 11, 2),
(20, 686.93, 653, 11, 10, 8);

INSERT INTO distribuye (id_distribuye, id_subestacion, id_zona) VALUES
(1, 6, 14),
(2, 16, 16),
(3, 7, 13),
(4, 2, 6),
(5, 13, 1),
(6, 13, 9),
(7, 15, 10),
(8, 14, 18),
(9, 16, 5),
(10, 7, 10),
(11, 7, 2),
(12, 19, 18),
(13, 2, 11),
(14, 2, 2),
(15, 19, 16),
(16, 17, 17),
(17, 6, 2),
(18, 17, 3),
(19, 6, 3),
(20, 20, 3);

INSERT INTO compra (id_compra, id_productor, id_suministrador, id_transportista, cantidad, fecha) VALUES
(1, 13, 4, 19, 1306.46, '2023-01-07'),
(2, 20, 2, 20, 501.72, '2021-02-26'),
(3, 19, 19, 17, 1650.21, '2021-01-30'),
(4, 9, 7, 11, 1269.56, '2025-01-14'),
(5, 13, 5, 10, 2340.40, '2021-08-30'),
(6, 3, 1, 15, 3143.68, '2022-11-22'),
(7, 19, 4, 3, 2734.41, '2023-01-11'),
(8, 17, 9, 5, 4672.97, '2021-09-29'),
(9, 3, 8, 12, 1496.44, '2024-02-04'),
(10, 15, 18, 10, 3097.22, '2021-11-30'),
(11, 17, 1, 18, 1566.96, '2023-01-10'),
(12, 4, 5, 9, 665.60, '2024-11-24'),
(13, 4, 18, 5, 1434.51, '2025-05-25'),
(14, 20, 7, 11, 1097.63, '2024-07-25'),
(15, 9, 17, 16, 1330.49, '2021-12-23'),
(16, 2, 3, 14, 4163.81, '2024-05-08'),
(17, 2, 1, 11, 3878.48, '2021-03-04'),
(18, 9, 6, 15, 2803.23, '2021-06-22'),
(19, 14, 18, 1, 648.18, '2022-03-28'),
(20, 5, 18, 2, 4189.52, '2023-06-17');

INSERT INTO nuclear (id_productor, num_reactores, residuos_nucleares, vol_plutonio) VALUES
(1, 2, 157.45, 13.76),
(2, 3, 274.75, 81.65),
(3, 1, 274.73, 28.91),
(4, 2, 216.73, 41.83),
(5, 4, 293.46, 77.45),
(6, 2, 266.15, 97.86),
(7, 2, 270.35, 12.23),
(8, 3, 245.6, 47.05),
(9, 2, 116.7, 80.86),
(10, 1, 145.64, 13.49),
(11, 4, 105.61, 83.49),
(12, 4, 137.41, 83.85),
(13, 2, 105.73, 69.4),
(14, 4, 132.07, 87.79),
(15, 3, 137.79, 55.85),
(16, 3, 284.81, 20.38),
(17, 3, 94.64, 96.63),
(18, 3, 59.56, 63.69),
(19, 3, 232.14, 38.23),
(20, 1, 146.3, 61.89);

INSERT INTO envia_energia (id_envio, id_red_origen, id_red_destino, volumen) VALUES
(1, 2, 14, 50.76),
(2, 18, 7, 213.90),
(3, 3, 11, 330.42),
(4, 4, 10, 278.21),
(5, 14, 11, 231.08),
(6, 10, 18, 107.28),
(7, 14, 13, 354.79),
(8, 6, 20, 306.10),
(9, 13, 18, 425.18),
(10, 10, 7, 243.45),
(11, 19, 20, 344.62),
(12, 15, 7, 280.03),
(13, 6, 3, 177.70),
(14, 20, 11, 92.02),
(15, 8, 10, 151.09),
(16, 7, 5, 60.99),
(17, 8, 16, 325.07),
(18, 3, 15, 236.50),
(19, 19, 7, 373.26),
(20, 13, 16, 229.84);

INSERT INTO pertenece (id_pertenece, id_red, id_compañia) VALUES
(1, 1, 4),
(2, 14, 8),
(3, 6, 17),
(4, 15, 2),
(5, 18, 8),
(6, 4, 15),
(7, 5, 15),
(8, 17, 18),
(9, 20, 11),
(10, 15, 20),
(11, 17, 14),
(12, 18, 15),
(13, 6, 16),
(14, 15, 9),
(15, 8, 9),
(16, 17, 16),
(17, 8, 9),
(18, 15, 3),
(19, 10, 8),
(20, 9, 11);

INSERT INTO presa (id_productor, capacidad_maxima, ocupacion, num_turbinas) VALUES
(1, 9849, 'Perferendis', 2),
(2, 3267, 'Asperiores', 3),
(3, 4788, 'Quae', 7),
(4, 3503, 'Delectus', 12),
(5, 4505, 'Perferendis', 2),
(6, 7797, 'Et', 7),
(7, 6421, 'Ullam', 9),
(8, 8633, 'Est', 7),
(9, 2020, 'Voluptatibus', 4),
(10, 7883, 'Unde', 7),
(11, 1320, 'Quasi', 10),
(12, 7232, 'Blanditiis', 8),
(13, 1096, 'Eaque', 6),
(14, 5892, 'Similique', 7),
(15, 7865, 'Eveniet', 9),
(16, 9947, 'Consectetur', 10),
(17, 4613, 'Nobis', 8),
(18, 4595, 'Minus', 5),
(19, 8140, 'Inventore', 8),
(20, 1475, 'Quia', 7);

INSERT INTO solar (id_productor, total_paneles, horas_sol, tipo) VALUES
(1, 6724, 8.07, 'termodinámica'),
(2, 2191, 9.87, 'fotovoltaica'),
(3, 6555, 7.14, 'fotovoltaica'),
(4, 1475, 7.50, 'fotovoltaica'),
(5, 7664, 4.27, 'termodinámica'),
(6, 6311, 5.29, 'termodinámica'),
(7, 5455, 5.36, 'termodinámica'),
(8, 4658, 8.26, 'termodinámica'),
(9, 4233, 8.84, 'termodinámica'),
(10, 417, 8.24, 'fotovoltaica'),
(11, 5833, 4.57, 'fotovoltaica'),
(12, 759, 8.28, 'fotovoltaica'),
(13, 3366, 8.87, 'fotovoltaica'),
(14, 4008, 3.88, 'fotovoltaica'),
(15, 9340, 9.63, 'termodinámica'),
(16, 4298, 8.37, 'fotovoltaica'),
(17, 1976, 8.44, 'fotovoltaica'),
(18, 5196, 3.76, 'fotovoltaica'),
(19, 5211, 7.03, 'termodinámica'),
(20, 6598, 9.59, 'fotovoltaica');

INSERT INTO termica (id_productor, num_hornos, vol_carbon, vol_emisiongases) VALUES
(1, 10, 3484.01, 959.50),
(2, 2, 3516.25, 487.29),
(3, 10, 4047.09, 1204.53),
(4, 10, 3934.91, 553.45),
(5, 7, 3341.45, 149.99),
(6, 6, 162.00, 659.09),
(7, 8, 617.14, 1443.14),
(8, 8, 3565.81, 681.46),
(9, 9, 4830.82, 441.62),
(10, 9, 3895.74, 724.07),
(11, 10, 1415.14, 1284.98),
(12, 2, 1466.75, 703.66),
(13, 8, 2892.26, 1018.87),
(14, 6, 240.63, 1283.88),
(15, 3, 2488.99, 564.50),
(16, 5, 1767.66, 1326.46),
(17, 5, 2823.38, 799.11),
(18, 4, 519.50, 1094.11),
(19, 8, 2820.36, 398.47),
(20, 8, 3264.92, 761.69);

INSERT INTO entrega (id_entrega, id_productor, id_primaria, cantidad, fecha) VALUES
(1, 3, 10, 1185.82, '2023-08-30'),
(2, 8, 10, 3353.40, '2023-03-22'),
(3, 12, 16, 2812.02, '2023-11-11'),
(4, 12, 14, 4983.49, '2024-01-23'),
(5, 18, 11, 1823.87, '2024-01-03'),
(6, 15, 9, 1602.45, '2025-05-22'),
(7, 8, 4, 3634.29, '2023-10-02'),
(8, 11, 4, 3740.12, '2024-05-09'),
(9, 6, 7, 1160.28, '2025-04-02'),
(10, 16, 9, 3650.47, '2024-11-26'),
(11, 17, 20, 1486.69, '2024-08-23'),
(12, 4, 7, 1551.61, '2025-05-07'),
(13, 12, 6, 1581.11, '2023-02-22'),
(14, 18, 5, 1444.13, '2024-07-13'),
(15, 2, 18, 1531.47, '2023-07-16'),
(16, 5, 16, 602.68, '2023-11-14'),
(17, 1, 19, 1493.26, '2023-04-14'),
(18, 16, 15, 1769.46, '2024-04-26'),
(19, 2, 9, 4711.21, '2025-03-29'),
(20, 16, 4, 4128.37, '2024-05-24');